时间,Bms_Life,总电压,电流,SOC,充电MOS,放电MOS,电池串数,温度个数,剩余容量,最高电压,位置最高电压,最低电压,位置最低电压,最高温度,位置最高温度,最低温度,位置最低温度,CellV_1,CellV_2,CellV_3,CellV_4,CellV_5,CellV_6,CellV_7,CellV_8,Temp_1,Temp_2,故障代码1,故障代码2,故障代码3,故障代码4,故障代码5,故障代码6,故障代码7,故障代码8,充放电次数,DI1,DI2,DI3,DI4,DO1,DO2,DO3,DO4,板号
17:46:35,9,29,0,50,ON,ON,8,2,15,3.652,2,3.62,1,45,2,26,1,3.63,3.651,3.643,3.645,3.625,3.641,3.631,3.631,,,0,0,0,0,0,0,0,0,0,OFF,ON,OFF,OFF,OFF,OFF,OFF,OFF,1
17:46:38,12,29.1,0,50,ON,ON,8,2,15,3.664,3,3.627,5,44,2,26,1,3.633,3.648,3.647,3.638,3.628,3.643,3.636,3.632,26,44,0,0,0,8,0,0,0,0,0,OFF,ON,OFF,OFF,OFF,OFF,OFF,OFF,1
17:46:40,14,29,0,50,ON,ON,8,2,15,3.652,6,3.622,8,45,2,26,1,3.636,3.647,3.641,3.643,3.63,3.648,3.63,3.626,26,45,0,0,0,8,0,0,0,0,0,OFF,ON,OFF,OFF,OFF,OFF,OFF,OFF,1
17:46:41,15,29,0,50,ON,ON,8,2,15,3.649,6,3.625,8,46,2,26,1,3.636,3.647,3.641,3.643,3.63,3.648,3.63,3.626,26,45,0,0,0,8,0,0,0,0,0,OFF,ON,OFF,OFF,OFF,OFF,OFF,OFF,1
